{
  "SimulationParameters": {
    "start_epoch": 24012.44686469,
    "delta_time": 0.5,
    "orbit_number": 10,
    "propagate_orbit": false,
    "gravitational_disturbance": true,
    "aerodynamic_disturbance": true,
    "solarPressure_disturbance": true,
    "axis_disturbance_x": 1.0,
    "axis_disturbance_y": 1.0,
    "axis_disturbance_z": 1.0,
    "angle_disturbance_deg": 10.0
  },

  "SatelliteParameters": {
    "configuration": 0,
    "mission": 3,
    "unloading": true,
    "afc": true,
    "Ipmin": 0.0603372162768
  },

  "ControlParameters": {
    "Kpx0": 0.00000006,
    "Kpy0": 0.00000500,
    "Kpz0": 0.00000004,
    "Kdx0": 0.00006,
    "Kdy0": 0.00100,
    "Kdz0": 0.00008,

    "Kpx1": 0.00000006,
    "Kpy1": 0.00000500,
    "Kpz1": 0.00000004,
    "Kdx1": 0.00008,
    "Kdy1": 0.00100,
    "Kdz1": 0.00008,

    "Kpx2": 0.00000001,
    "Kpy2": 0.000020,
    "Kpz2": 0.00001,
    "Kdx2": 0.0001,
    "Kdy2": 0.005,
    "Kdz2": 0.0001,

    "Ku": 0.000000001,
    "RW_relax": 1.0
  },

  "OrbitalElements": {
    "epoch": 23083.26015397,
    "inclination": 97.5415,
    "right_ascension": 177.5778,
    "eccentricity": 0.0010098,
    "argument of perigee": 284.2555,
    "mean_anomaly": 75.7615,
    "mean_motion": 14.82500000000000
  },

  "PhysicalParameters0": {
    "Ixx": 0.103753960,
    "Iyy": 0.145774314,
    "Izz": 0.060764019,
    "Ixy": -0.002917213,
    "Ixz": 0.000641045,
    "Iyz": 0.000748006
  },

  "PhysicalParameters1": {
    "Ixx": 0.1014215804294,
    "Iyy": 0.1426138174793,
    "Izz": 0.0596935848388,
    "Ixy":-0.0029157755227,
    "Ixz":-0.0003454594083,
    "Iyz": 0.0007495404296
  },

  "PhysicalParameters2": {
    "Ixx": 0.3074043338,
    "Iyy": 0.3477998824,
    "Izz": 0.1470303914,
    "Ixy":-0.0028765942,
    "Ixz":-0.0175855455,
    "Iyz": 0.0007802991
  }
}